GO
INSERT [dbo].[Clase_Producto] ([Clase_Producto], [Descripcion]) VALUES (1, N'Inscripcion')
GO
INSERT [dbo].[Clase_Producto] ([Clase_Producto], [Descripcion]) VALUES (2, N'Servicios')
GO
INSERT [dbo].[Producto] ([Producto], [Descripcion], [Observacion], [Monto], [Clase_Producto], [Img_Url], [Cantidad_Binario], [Cantidad_Alerta], [Periodo_Dia], [Out_Max]) VALUES (1, N'Registro al Portal', NULL, CAST(0.2000000000 AS Numeric(18, 10)), 1, N'Registro al Portal.png', NULL, NULL, 30, NULL)
GO
INSERT [dbo].[Producto] ([Producto], [Descripcion], [Observacion], [Monto], [Clase_Producto], [Img_Url], [Cantidad_Binario], [Cantidad_Alerta], [Periodo_Dia], [Out_Max]) VALUES (2, N'Zafiro', NULL, CAST(0.0100000000 AS Numeric(18, 10)), 2, N'Zafiro.png', CAST(5.000000000 AS Numeric(18, 9)), CAST(2.000000000 AS Numeric(18, 9)), 30, CAST(1.000000000 AS Numeric(18, 9)))
GO
INSERT [dbo].[Producto] ([Producto], [Descripcion], [Observacion], [Monto], [Clase_Producto], [Img_Url], [Cantidad_Binario], [Cantidad_Alerta], [Periodo_Dia], [Out_Max]) VALUES (3, N'Cuarzo', NULL, CAST(1.0000000000 AS Numeric(18, 10)), 2, N'Cuarzo.png', CAST(7.000000000 AS Numeric(18, 9)), CAST(6.000000000 AS Numeric(18, 9)), 30, CAST(2.000000000 AS Numeric(18, 9)))
GO
INSERT [dbo].[Producto] ([Producto], [Descripcion], [Observacion], [Monto], [Clase_Producto], [Img_Url], [Cantidad_Binario], [Cantidad_Alerta], [Periodo_Dia], [Out_Max]) VALUES (4, N'Rubi', NULL, CAST(3.0000000000 AS Numeric(18, 10)), 2, N'Rubi.png', CAST(10.000000000 AS Numeric(18, 9)), CAST(10.000000000 AS Numeric(18, 9)), 30, CAST(6.000000000 AS Numeric(18, 9)))
GO
INSERT [dbo].[Producto] ([Producto], [Descripcion], [Observacion], [Monto], [Clase_Producto], [Img_Url], [Cantidad_Binario], [Cantidad_Alerta], [Periodo_Dia], [Out_Max]) VALUES (5, N'Esmeralda', NULL, CAST(5.0000000000 AS Numeric(18, 10)), 2, N'Esmeralda.png', CAST(12.000000000 AS Numeric(18, 9)), CAST(14.000000000 AS Numeric(18, 9)), 30, CAST(10.000000000 AS Numeric(18, 9)))
GO
INSERT [dbo].[Producto] ([Producto], [Descripcion], [Observacion], [Monto], [Clase_Producto], [Img_Url], [Cantidad_Binario], [Cantidad_Alerta], [Periodo_Dia], [Out_Max]) VALUES (6, N'Bronce', NULL, CAST(10.0000000000 AS Numeric(18, 10)), 2, N'Bronce.png', CAST(14.000000000 AS Numeric(18, 9)), CAST(18.000000000 AS Numeric(18, 9)), 30, CAST(20.000000000 AS Numeric(18, 9)))
GO
INSERT [dbo].[Producto] ([Producto], [Descripcion], [Observacion], [Monto], [Clase_Producto], [Img_Url], [Cantidad_Binario], [Cantidad_Alerta], [Periodo_Dia], [Out_Max]) VALUES (7, N'Plata', NULL, CAST(20.0000000000 AS Numeric(18, 10)), 2, N'Plata.png', CAST(17.000000000 AS Numeric(18, 9)), CAST(22.000000000 AS Numeric(18, 9)), 30, CAST(40.000000000 AS Numeric(18, 9)))
GO
INSERT [dbo].[Producto] ([Producto], [Descripcion], [Observacion], [Monto], [Clase_Producto], [Img_Url], [Cantidad_Binario], [Cantidad_Alerta], [Periodo_Dia], [Out_Max]) VALUES (8, N'Oro', NULL, CAST(50.0000000000 AS Numeric(18, 10)), 2, N'Oro.png', CAST(20.000000000 AS Numeric(18, 9)), CAST(28.000000000 AS Numeric(18, 9)), 30, CAST(50.000000000 AS Numeric(18, 9)))
GO
INSERT [dbo].[Monedero] ([Monedero], [Nombre]) VALUES (1, N'CoinPayments')
GO
INSERT [dbo].[Estado_Objeto] ([Estado_Objeto], [Descripcion]) VALUES (1, N'Activo')
GO
INSERT [dbo].[Estado_Objeto] ([Estado_Objeto], [Descripcion]) VALUES (4, N'Calificado')
GO
INSERT [dbo].[Estado_Objeto] ([Estado_Objeto], [Descripcion]) VALUES (2, N'Pendiente Compra')
GO
INSERT [dbo].[Estado_Objeto] ([Estado_Objeto], [Descripcion]) VALUES (3, N'Pendiente Pago')
GO
INSERT [dbo].[Empresa] ([Empresa], [Nombre], [Llave_Privada], [Llave_Publica], [Correo_Electronico], [Estado]) VALUES (1, N'Ether-Nity', N'23e889a49ed1c6ab11C039365537E6450d4233a1509823CA1e513fB2700fa045', N'b126966d52d7ef6855c32c83436e576975f3f801170ec501e0bbab7910612d48', N'ethernityltd@gmail.com', 1)
GO
INSERT [dbo].[Usuario] ([ID_Usuario], [Usuario], [Nombres], [Apellidos], [Correo_Electronico], [Estado], [Fecha_Hora], [M_Fecha_Hora], [Clave], [ID_Usuario_Padre], [Nivel], [Bit_Default], [Empresa], [Bit_Value], [Cartera_Criptomoneda], [ID_Usuario_Relacion]) VALUES (1, N'acabrera', N'Antony', N'Cabrera', N'acabrera@demosoftonline.com', 1, CAST(N'2017-08-08T00:00:00.000' AS DateTime), NULL, 0x01000000A46084382EFA14CD25E79AD256F1E3E1306E2979663B6CCB, NULL, 1, 0, 1, 1, NULL, NULL)
GO
INSERT [dbo].[Usuario] ([ID_Usuario], [Usuario], [Nombres], [Apellidos], [Correo_Electronico], [Estado], [Fecha_Hora], [M_Fecha_Hora], [Clave], [ID_Usuario_Padre], [Nivel], [Bit_Default], [Empresa], [Bit_Value], [Cartera_Criptomoneda], [ID_Usuario_Relacion]) VALUES (2, N'ddhernandezf', N'Douglas', N'Hernández', N'ddhernandezf@gmail.com', 1, CAST(N'2017-08-14T19:13:16.080' AS DateTime), NULL, 0x01000000B385D9EB682475480F25C98D79B55EE47F55FBE390AFD8CDD3992FD5C408CDC3, 1, 2, 1, 1, 1, N'kjhsdkjfhsdjkfh', 1)
GO
INSERT [dbo].[Usuario] ([ID_Usuario], [Usuario], [Nombres], [Apellidos], [Correo_Electronico], [Estado], [Fecha_Hora], [M_Fecha_Hora], [Clave], [ID_Usuario_Padre], [Nivel], [Bit_Default], [Empresa], [Bit_Value], [Cartera_Criptomoneda], [ID_Usuario_Relacion]) VALUES (3, N'drvillagranr', N'Diana', N'Villagran', N'drvillagranr@gmail.com', 1, CAST(N'2017-08-14T19:14:33.443' AS DateTime), NULL, 0x010000009B71BCB67B2AE31372B2BA263499BED1410769773F529252CCD52B292499411C, 1, 2, 1, 1, 0, N'hsdkfhskdfhkjsd', 1)
GO
INSERT [dbo].[Usuario] ([ID_Usuario], [Usuario], [Nombres], [Apellidos], [Correo_Electronico], [Estado], [Fecha_Hora], [M_Fecha_Hora], [Clave], [ID_Usuario_Padre], [Nivel], [Bit_Default], [Empresa], [Bit_Value], [Cartera_Criptomoneda], [ID_Usuario_Relacion]) VALUES (4, N'mrhernandezv', N'Maria Renne', N'Hernández Villagran', N'mrhernandezv@gmail.com', 1, CAST(N'2017-08-14T19:24:50.727' AS DateTime), NULL, 0x01000000E94CDEE9E6F200C3113B4614874B8C90D44CE292BE9ADCD5A40433000EFE7F25, 2, 3, 1, 1, 1, N'kjhsdkjfhsjdkhf', 1)
GO
INSERT [dbo].[Usuario] ([ID_Usuario], [Usuario], [Nombres], [Apellidos], [Correo_Electronico], [Estado], [Fecha_Hora], [M_Fecha_Hora], [Clave], [ID_Usuario_Padre], [Nivel], [Bit_Default], [Empresa], [Bit_Value], [Cartera_Criptomoneda], [ID_Usuario_Relacion]) VALUES (5, N'davillatoroc', N'Donald', N'Villatoro', N'davillatoroc@gmail.com', 1, CAST(N'2017-08-14T21:48:16.550' AS DateTime), NULL, 0x010000000693E8107AA2E027E3A7B1014BDF278046C81576459E73899524D73940F837EE, 2, 3, 1, 1, 0, N'ksdkfskdksdjf', 1)
GO
SET IDENTITY_INSERT [dbo].[Transaccion] ON 
GO
INSERT [dbo].[Transaccion] ([Consecutivo_Interno], [Transaccion_Monedero], [Monedero], [Observacion_1], [ID_Usuario], [Monedero_jsonResult], [Fecha_Hora], [Producto], [Estado], [Fecha_Ini], [Fecha_Fin], [Monedero_Amount], [Monedero_TimeOut], [Monedero_Status_Url], [Monedero_Qrcode_Url], [Monedero_Address]) VALUES (10, N'123qwe', 1, NULL, 1, N'a', CAST(N'2017-08-14T00:00:00.000' AS DateTime), 2, 1, NULL, NULL, N'a', 7200, N'1', N'1', N'1')
GO
INSERT [dbo].[Transaccion] ([Consecutivo_Interno], [Transaccion_Monedero], [Monedero], [Observacion_1], [ID_Usuario], [Monedero_jsonResult], [Fecha_Hora], [Producto], [Estado], [Fecha_Ini], [Fecha_Fin], [Monedero_Amount], [Monedero_TimeOut], [Monedero_Status_Url], [Monedero_Qrcode_Url], [Monedero_Address]) VALUES (13, N'CPBH38JJFKOUNUKXPYBNVYMNOO', 1, NULL, 5, N'{"error":"ok","result":{"amount":"0.01000000","txn_id":"CPBH38JJFKOUNUKXPYBNVYMNOO","address":"0x9a43a228f08ef23c8aa1eda949e04719a75eed7a","confirms_needed":"5","timeout":7200,"status_url":"https:\/\/www.coinpayments.net\/index.php?cmd=status&id=CPBH38JJFKOUNUKXPYBNVYMNOO&key=0a1f2fc03c5b4f770d8c2c434708c04e","qrcode_url":"https:\/\/www.coinpayments.net\/qrgen.php?id=CPBH38JJFKOUNUKXPYBNVYMNOO&key=0a1f2fc03c5b4f770d8c2c434708c04e"}}', CAST(N'2017-08-14T21:48:25.113' AS DateTime), 2, 1, NULL, NULL, N'0.01000000', 7200, N'https://www.coinpayments.net/index.php?cmd=status&id=CPBH38JJFKOUNUKXPYBNVYMNOO&key=0a1f2fc03c5b4f770d8c2c434708c04e', N'https://www.coinpayments.net/qrgen.php?id=CPBH38JJFKOUNUKXPYBNVYMNOO&key=0a1f2fc03c5b4f770d8c2c434708c04e', N'0x9a43a228f08ef23c8aa1eda949e04719a75eed7a')
GO
INSERT [dbo].[Transaccion] ([Consecutivo_Interno], [Transaccion_Monedero], [Monedero], [Observacion_1], [ID_Usuario], [Monedero_jsonResult], [Fecha_Hora], [Producto], [Estado], [Fecha_Ini], [Fecha_Fin], [Monedero_Amount], [Monedero_TimeOut], [Monedero_Status_Url], [Monedero_Qrcode_Url], [Monedero_Address]) VALUES (12, N'CPBH3KNJXLWACWDK5MDYKCGD4L', 1, NULL, 4, N'{"error":"ok","result":{"amount":"0.01000000","txn_id":"CPBH3KNJXLWACWDK5MDYKCGD4L","address":"0xcffc04b6059d7f8200b64bf7940bd340028c9769","confirms_needed":"5","timeout":7200,"status_url":"https:\/\/www.coinpayments.net\/index.php?cmd=status&id=CPBH3KNJXLWACWDK5MDYKCGD4L&key=817ef4b0f2b8424b904c5a187015b351","qrcode_url":"https:\/\/www.coinpayments.net\/qrgen.php?id=CPBH3KNJXLWACWDK5MDYKCGD4L&key=817ef4b0f2b8424b904c5a187015b351"}}', CAST(N'2017-08-14T19:24:58.980' AS DateTime), 2, 1, NULL, NULL, N'0.01000000', 7200, N'https://www.coinpayments.net/index.php?cmd=status&id=CPBH3KNJXLWACWDK5MDYKCGD4L&key=817ef4b0f2b8424b904c5a187015b351', N'https://www.coinpayments.net/qrgen.php?id=CPBH3KNJXLWACWDK5MDYKCGD4L&key=817ef4b0f2b8424b904c5a187015b351', N'0xcffc04b6059d7f8200b64bf7940bd340028c9769')
GO
INSERT [dbo].[Transaccion] ([Consecutivo_Interno], [Transaccion_Monedero], [Monedero], [Observacion_1], [ID_Usuario], [Monedero_jsonResult], [Fecha_Hora], [Producto], [Estado], [Fecha_Ini], [Fecha_Fin], [Monedero_Amount], [Monedero_TimeOut], [Monedero_Status_Url], [Monedero_Qrcode_Url], [Monedero_Address]) VALUES (9, N'CPBH3SJQGU4SYQWUNHGK5TVWMC', 1, NULL, 2, N'{"error":"ok","result":{"amount":"0.01000000","txn_id":"CPBH3SJQGU4SYQWUNHGK5TVWMC","address":"0x0d7ddef457395dc12c71aec69d917bf424c52f67","confirms_needed":"5","timeout":7200,"status_url":"https:\/\/www.coinpayments.net\/index.php?cmd=status&id=CPBH3SJQGU4SYQWUNHGK5TVWMC&key=27dd54156165c364c290080fd43de483","qrcode_url":"https:\/\/www.coinpayments.net\/qrgen.php?id=CPBH3SJQGU4SYQWUNHGK5TVWMC&key=27dd54156165c364c290080fd43de483"}}', CAST(N'2017-08-14T19:13:35.367' AS DateTime), 2, 1, NULL, NULL, N'0.01000000', 7200, N'https://www.coinpayments.net/index.php?cmd=status&id=CPBH3SJQGU4SYQWUNHGK5TVWMC&key=27dd54156165c364c290080fd43de483', N'https://www.coinpayments.net/qrgen.php?id=CPBH3SJQGU4SYQWUNHGK5TVWMC&key=27dd54156165c364c290080fd43de483', N'0x0d7ddef457395dc12c71aec69d917bf424c52f67')
GO
INSERT [dbo].[Transaccion] ([Consecutivo_Interno], [Transaccion_Monedero], [Monedero], [Observacion_1], [ID_Usuario], [Monedero_jsonResult], [Fecha_Hora], [Producto], [Estado], [Fecha_Ini], [Fecha_Fin], [Monedero_Amount], [Monedero_TimeOut], [Monedero_Status_Url], [Monedero_Qrcode_Url], [Monedero_Address]) VALUES (11, N'CPBH7QDFDV3OVWHRN9NKW7KYOS', 1, NULL, 3, N'{"error":"ok","result":{"amount":"0.01000000","txn_id":"CPBH7QDFDV3OVWHRN9NKW7KYOS","address":"0x78c8a2ea883e708a09e63090dcaf59eda5c2d37a","confirms_needed":"5","timeout":7200,"status_url":"https:\/\/www.coinpayments.net\/index.php?cmd=status&id=CPBH7QDFDV3OVWHRN9NKW7KYOS&key=95ce86bc8c148b9277f1896b7cddda2a","qrcode_url":"https:\/\/www.coinpayments.net\/qrgen.php?id=CPBH7QDFDV3OVWHRN9NKW7KYOS&key=95ce86bc8c148b9277f1896b7cddda2a"}}', CAST(N'2017-08-14T19:14:43.380' AS DateTime), 2, 1, NULL, NULL, N'0.01000000', 7200, N'https://www.coinpayments.net/index.php?cmd=status&id=CPBH7QDFDV3OVWHRN9NKW7KYOS&key=95ce86bc8c148b9277f1896b7cddda2a', N'https://www.coinpayments.net/qrgen.php?id=CPBH7QDFDV3OVWHRN9NKW7KYOS&key=95ce86bc8c148b9277f1896b7cddda2a', N'0x78c8a2ea883e708a09e63090dcaf59eda5c2d37a')
GO
SET IDENTITY_INSERT [dbo].[Transaccion] OFF
GO
